Workbook

Sheet LEPTIN_MTOR
A1: gene_symbol | B1: PMID | C1: citation_short | D1: rationale_one_line | E1: HGNC_ID
A2: LEP | B2: 37724323 | C2: Liu & Lai 2022 Med Rev | D2: Encodes leptin secreted by adipocytes, ligand of LEPR that initiates JAK2–STAT and PI3K–AKT–mTOR signaling. | E2: =VLOOKUP(A2,_HGNC_REF!$A$2:$C$108,3,FALSE()) -> HGNC:6553
A3: LEPR | B3: 37724323 | C3: Liu & Lai 2022 Med Rev | D3: Leptin receptor long isoform whose cytoplasmic tyrosines recruit JAK2, STAT3/5 and IRS proteins to trigger downstream pathways. | E3: =VLOOKUP(A3,_HGNC_REF!$A$2:$C$108,3,FALSE()) -> HGNC:6554
A4: JAK2 | B4: 37724323 | C4: Liu & Lai 2022 Med Rev | D4: Tyrosine kinase pre-associated with LEPR that autophosphorylates and phosphorylates LEPR tails upon leptin binding. | E4: =VLOOKUP(A4,_HGNC_REF!$A$2:$C$108,3,FALSE()) -> HGNC:6192
A5: STAT3 | B5: 37724323 | C5: Liu & Lai 2022 Med Rev | D5: Transcription factor recruited to LEPR Tyr1138 and phosphorylated by JAK2, then dimerizes to induce SOCS3 and other target genes. | E5: =VLOOKUP(A5,_HGNC_REF!$A$2:$C$108,3,FALSE()) -> HGNC:11364
A6: PIK3CA | B6: 28283069 | C6: Saxton & Sabatini 2017 Cell | D6: Catalytic subunit p110α of class IA PI3K that generates PIP3 after binding IRS adaptors downstream of leptin. | E6: =VLOOKUP(A6,_HGNC_REF!$A$2:$C$108,3,FALSE()) -> HGNC:8975
A7: PIK3CB | B7: 28283069 | C7: Saxton & Sabatini 2017 Cell | D7: Catalytic subunit p110β of PI3K that can sustain PIP3 and AKT activation especially when PTEN activity is low. | E7: =VLOOKUP(A7,_HGNC_REF!$A$2:$C$108,3,FALSE()) -> HGNC:8976
A8: AKT1 | B8: 28283069 | C8: Saxton & Sabatini 2017 Cell | D8: Serine/threonine kinase activated by PDK1 and mTORC2 that phosphorylates TSC2 to relieve its inhibition of RHEB–mTORC1. | E8: =VLOOKUP(A8,_HGNC_REF!$A$2:$C$108,3,FALSE()) -> HGNC:391
A9: AKT2 | B9: 28283069 | C9: Saxton & Sabatini 2017 Cell | D9: AKT isoform dominant in metabolic tissues, phosphorylating TSC2 and FOXO1 to couple leptin/insulin signals to mTORC1 and glucose metabolism. | E9: =VLOOKUP(A9,_HGNC_REF!$A$2:$C$108,3,FALSE()) -> HGNC:392
A10: MTOR | B10: 28283069 | C10: Saxton & Sabatini 2017 Cell | D10: Catalytic subunit of mTORC1/2 that integrates leptin-driven PI3K–AKT input with nutrients to control protein synthesis and autophagy. | E10: =VLOOKUP(A10,_HGNC_REF!$A$2:$C$108,3,FALSE()) -> HGNC:3942
A11: RPTOR | B11: 28283069 | C11: Saxton & Sabatini 2017 Cell | D11: Scaffold subunit defining mTORC1 that recruits substrates such as S6K1 and 4E-BP1 for phosphorylation by mTOR. | E11: =VLOOKUP(A11,_HGNC_REF!$A$2:$C$108,3,FALSE()) -> HGNC:30287
A12: DEPTOR | B12: 28283069 | C12: Saxton & Sabatini 2017 Cell | D12: Endogenous inhibitor that binds mTORC1/2 and lowers S6K1/4E-BP1 phosphorylation while relieving negative feedback to PI3K–AKT. | E12: =VLOOKUP(A12,_HGNC_REF!$A$2:$C$108,3,FALSE()) -> HGNC:22953
A13: TSC1 | B13: 28283069 | C13: Saxton & Sabatini 2017 Cell | D13: Stabilizing partner of TSC2 forming a GAP complex that converts RHEB-GTP to RHEB-GDP and thereby suppresses mTORC1 when active. | E13: =VLOOKUP(A13,_HGNC_REF!$A$2:$C$108,3,FALSE()) -> HGNC:12362
... A23: FOXO1 | B23: 37724323 | C23: Liu & Lai 2022 Med Rev | D23: Forkhead transcription factor phosphorylated by AKT at Thr24 leading to nuclear export and suppression of its gluconeogenic and anti-anabolic programs. | E23: =VLOOKUP(A23,_HGNC_REF!$A$2:$C$108,3,FALSE()) -> HGNC:3819

Sheet MTOR_AUTOPHAGY_LIPOPHAGY
A1: gene_symbol | B1: PMID | C1: citation_short | D1: rationale_one_line | E1: HGNC_ID
A2: ULK1 | B2: 30633901 | C2: Levine & Kroemer 2019 Cell | D2: Ser/Thr kinase at the apex of the autophagy initiation complex that is directly phosphorylated by mTORC1 at Ser757 to block its activation by AMPK and suppress autophagy under nutrient-rich conditions. | E2: =VLOOKUP(A2,_HGNC_REF!$A$2:$C$108,3,FALSE()) -> HGNC:12558
A3: ATG13 | B3: 30633901 | C3: Levine & Kroemer 2019 Cell | D3: ULK1 complex subunit that binds ULK1 and FIP200 and is phosphorylated by mTORC1 as well as ULK1, thereby coupling nutrient status to autophagy initiation. | E3: =VLOOKUP(A3,_HGNC_REF!$A$2:$C$108,3,FALSE()) -> HGNC:29091
A4: RB1CC1 | B4: 30633901 | C4: Levine & Kroemer 2019 Cell | D4: FIP200 scaffold protein in the ULK1–ATG13–ATG101 complex that organizes the kinase module at phagophore formation sites downstream of mTORC1. | E4: =VLOOKUP(A4,_HGNC_REF!$A$2:$C$108,3,FALSE()) -> HGNC:15574
A5: TFEB | B5: 28283069 | C5: Saxton & Sabatini 2017 Cell | D5: Master MiT/TFE transcription factor whose phosphorylation by lysosomal mTORC1 keeps it cytoplasmic; dephosphorylation allows nuclear entry to induce autophagy and lysosome genes. | E5: =VLOOKUP(A5,_HGNC_REF!$A$2:$C$108,3,FALSE()) -> HGNC:11753
A6: TFE3 | B6: 28283069 | C6: Saxton & Sabatini 2017 Cell | D6: TFEB paralog that is similarly controlled by mTORC1-dependent phosphorylation and drives a largely overlapping autophagy–lysosome transcriptional program. | E6: =VLOOKUP(A6,_HGNC_REF!$A$2:$C$108,3,FALSE()) -> HGNC:11752
A7: BECN1 | B7: 30633901 | C7: Levine & Kroemer 2019 Cell | D7: Core scaffold of the class III PI3K (PIK3C3) complex that generates PI3P at nascent autophagosomes downstream of the ULK1 complex. | E7: =VLOOKUP(A7,_HGNC_REF!$A$2:$C$108,3,FALSE()) -> HGNC:1034
A8: ATG14 | B8: 30633901 | C8: Levine & Kroemer 2019 Cell | D8: Autophagy-specific subunit of the VPS34–BECN1 complex that targets PI3P production to isolation membranes and omegasomes for autophagosome nucleation. | E8: =VLOOKUP(A8,_HGNC_REF!$A$2:$C$108,3,FALSE()) -> HGNC:19962
A9: PIK3C3 | B9: 30633901 | C9: Levine & Kroemer 2019 Cell | D9: Class III PI3K VPS34 that produces PI3P on phagophore membranes, recruiting WIPI proteins once activated by the ULK1–BECN1–ATG14 axis. | E9: =VLOOKUP(A9,_HGNC_REF!$A$2:$C$108,3,FALSE()) -> HGNC:8974
A10: ATG7 | B10: 30633901 | C10: Levine & Kroemer 2019 Cell | D10: E1-like enzyme for both ATG12 and ATG8 (LC3/GABARAP) conjugation systems, essential for LC3 lipidation and autophagosome expansion. | E10: =VLOOKUP(A10,_HGNC_REF!$A$2:$C$108,3,FALSE()) -> HGNC:16935
A11: ATG5 | B11: 30633901 | C11: Levine & Kroemer 2019 Cell | D11: Forms a covalent conjugate with ATG12 that acts as an E3-like ligase to promote LC3 lipidation and autophagosome membrane elongation. | E11: =VLOOKUP(A11,_HGNC_REF!$A$2:$C$108,3,FALSE()) -> HGNC:589
A12: ATG12 | B12: 30633901 | C12: Levine & Kroemer 2019 Cell | D12: Ubiquitin-like protein conjugated to ATG5, creating the ATG12–ATG5–ATG16L1 complex required for LC3 lipidation. | E12: =VLOOKUP(A12,_HGNC_REF!$A$2:$C$108,3,FALSE()) -> HGNC:588
A13: ATG16L1 | B13: 30633901 | C13: Levine & Kroemer 2019 Cell | D13: Coiled-coil protein that dimerizes and tethers ATG12–ATG5 to phagophore membranes, spatially defining sites of LC3 conjugation. | E13: =VLOOKUP(A13,_HGNC_REF!$A$2:$C$108,3,FALSE()) -> HGNC:21498
... A21: MCOLN1 | B21: 38766825 | C21: Tedeschi & Sapienza 2025 Curr Neuropharmacol | D21: Lysosomal Ca2+ channel TRPML1 whose ROS- or nutrient-induced activation releases Ca2+ to activate calcineurin, driving TFEB dephosphorylation and nuclear translocation to enhance autophagy. | E21: =VLOOKUP(A21,_HGNC_REF!$A$2:$C$108,3,FALSE()) -> HGNC:13356

Sheet LIPOPHAGY_CORE
A1: gene_symbol | B1: PMID | C1: citation_short | D1: rationale_one_line | E1: HGNC_ID
A2: PLIN2 | B2: 22536247 | C2: Singh & Cuervo 2012 Int J Cell Biol | D2: Constitutive lipid-droplet coat protein whose CMA-mediated removal or loss exposes droplets to autophagy and lipases, thereby permitting lipophagy-driven TG hydrolysis. | E2: =VLOOKUP(A2,_HGNC_REF!$A$2:$C$108,3,FALSE()) -> HGNC:248
A3: PLIN3 | B3: 33794741 | C3: Filali-Mouncef & Hunter 2022 Autophagy | D3: Perilipin family coat protein phosphorylated by mTORC1 and required for recruiting FIP200 and ATG16L1 to lipid droplets, acting as a docking platform to activate lipophagy. | E3: =VLOOKUP(A3,_HGNC_REF!$A$2:$C$108,3,FALSE()) -> HGNC:16893
A4: PLIN5 | B4: 33794741 | C4: Filali-Mouncef & Hunter 2022 Autophagy | D4: Lipid-droplet protein that forms contact sites with mitochondria and FATP4 to channel lipolysis/lipophagy-derived fatty acids toward oxidative metabolism. | E4: =VLOOKUP(A4,_HGNC_REF!$A$2:$C$108,3,FALSE()) -> HGNC:33196
A5: CIDEA | B5: 30523332 | C5: Olzmann & Carvalho 2019 Nat Rev Mol Cell Biol | D5: Brown adipocyte lipid-droplet protein that promotes LD fusion and enlargement, increasing the size of droplets that subsequently require autophagic or lysosomal clearance. | E5: =VLOOKUP(A5,_HGNC_REF!$A$2:$C$108,3,FALSE()) -> HGNC:1976
A6: CIDEC | B6: 30523332 | C6: Olzmann & Carvalho 2019 Nat Rev Mol Cell Biol | D6: White adipocyte LD fusion protein (FSP27) that drives growth of unilocular droplets, limiting neutral lipase access and shaping the substrate pool for lipophagy. | E6: =VLOOKUP(A6,_HGNC_REF!$A$2:$C$108,3,FALSE()) -> HGNC:24229
A7: FITM2 | B7: 30523332 | C7: Olzmann & Carvalho 2019 Nat Rev Mol Cell Biol | D7: ER membrane protein that interacts with tubule-forming proteins to organize sites of nascent lipid-droplet biogenesis, thereby setting up the LD population targeted by lipophagy. | E7: =VLOOKUP(A7,_HGNC_REF!$A$2:$C$108,3,FALSE()) -> HGNC:16135
A8: DGAT1 | B8: 30523332 | C8: Olzmann & Carvalho 2019 Nat Rev Mol Cell Biol | D8: Acyl-CoA:diacylglycerol acyltransferase catalyzing the final step of TAG synthesis for lipid droplet formation, affecting the amount and distribution of LD cargo available for lipophagy. | E8: =VLOOKUP(A8,_HGNC_REF!$A$2:$C$108,3,FALSE()) -> HGNC:2843
A9: DGAT2 | B9: 30523332 | C9: Olzmann & Carvalho 2019 Nat Rev Mol Cell Biol | D9: DGAT isoform that preferentially directs TAG into cytoplasmic lipid droplets, modulating LD size and proteome in ways that influence lipophagic flux. | E9: =VLOOKUP(A9,_HGNC_REF!$A$2:$C$108,3,FALSE()) -> HGNC:16940
A10: PNPLA2 | B10: 33794741 | C10: Filali-Mouncef & Hunter 2022 Autophagy | D10: Adipose triglyceride lipase on LD surfaces that hydrolyzes TAG and functionally cooperates with lipophagy, with perilipin degradation enabling ATGL access. | E10: =VLOOKUP(A10,_HGNC_REF!$A$2:$C$108,3,FALSE()) -> HGNC:30802
A11: LIPA | B11: 33794741 | C11: Filali-Mouncef & Hunter 2022 Autophagy | D11: Lysosomal acid lipase that hydrolyzes cholesteryl esters and triglycerides within lysosomes, executing the terminal lipid breakdown step after lipophagic delivery of droplets. | E11: =VLOOKUP(A11,_HGNC_REF!$A$2:$C$108,3,FALSE()) -> HGNC:6617
A12: LIPE | B12: 30523332 | C12: Olzmann & Carvalho 2019 Nat Rev Mol Cell Biol | D12: Hormone-sensitive lipase that mediates cytosolic neutral lipolysis and cross-talks with lipophagy by processing droplets whose coats have been remodeled by autophagy. | E12: =VLOOKUP(A12,_HGNC_REF!$A$2:$C$108,3,FALSE()) -> HGNC:6621
A13: MAP1LC3B | B13: 33794741 | C13: Filali-Mouncef & Hunter 2022 Autophagy | D13: ATG8 family protein LC3B that becomes lipidated on autophagosomal membranes and is specifically recruited to lipid droplets during lipophagy to mark droplet-engulfing autophagosomes. | E13: =VLOOKUP(A13,_HGNC_REF!$A$2:$C$108,3,FALSE()) -> HGNC:13352
... A23: PLIN4 | B23: 30523332 | C23: Olzmann & Carvalho 2019 Nat Rev Mol Cell Biol | D23: Lipid-droplet coat protein that stabilizes large neutral-lipid stores and shapes the substrate pool available for lipophagy. | E23: =VLOOKUP(A23,_HGNC_REF!$A$2:$C$108,3,FALSE()) -> HGNC:29393

Sheet VIC_OSTEOGENIC
A1: gene_symbol | B1: PMID | C1: citation_short | D1: rationale_one_line | E1: HGNC_ID
A2: SPP1 | B2: 36829083 | C2: Moncla & Briend 2023 Nat Rev Cardiol | D2: Osteopontin matrix protein that binds mineral and integrins, promoting osteogenic matrix remodeling and appearing readily in calcifying VIC leading edges. | E2: =VLOOKUP(A2,_HGNC_REF!$A$2:$C$108,3,FALSE()) -> HGNC:11255
A3: IBSP | B3: 36829083 | C3: Moncla & Briend 2023 Nat Rev Cardiol | D3: Bone sialoprotein that nucleates hydroxyapatite through its acidic and integrin-binding motifs and is a classic top-hit osteogenic marker. | E3: =VLOOKUP(A3,_HGNC_REF!$A$2:$C$108,3,FALSE()) -> HGNC:5341
A4: RUNX2 | B4: 36829083 | C4: Moncla & Briend 2023 Nat Rev Cardiol | D4: Master osteogenic transcription factor that drives VIC transition into an osteoblast-like program and activates SP7, ALPL and other mineralization genes. | E4: =VLOOKUP(A4,_HGNC_REF!$A$2:$C$108,3,FALSE()) -> HGNC:10472
A5: ALPL | B5: 36829083 | C5: Moncla & Briend 2023 Nat Rev Cardiol | D5: Tissue-nonspecific alkaline phosphatase that hydrolyzes pyrophosphate and increases local inorganic phosphate to favor hydroxyapatite deposition. | E5: =VLOOKUP(A5,_HGNC_REF!$A$2:$C$108,3,FALSE()) -> HGNC:438
A6: BMP2 | B6: 36829083 | C6: Moncla & Briend 2023 Nat Rev Cardiol | D6: BMP ligand that activates SMAD signaling and induces RUNX2-dependent osteogenic reprogramming in valve interstitial cells. | E6: =VLOOKUP(A6,_HGNC_REF!$A$2:$C$108,3,FALSE()) -> HGNC:1069
A7: BGLAP | B7: 36829083 | C7: Moncla & Briend 2023 Nat Rev Cardiol | D7: Late osteoblast marker osteocalcin whose expression reflects mature mineralizing programs and is often absent from top DEG lists, making it useful as a non-circular add-in. | E7: =VLOOKUP(A7,_HGNC_REF!$A$2:$C$108,3,FALSE()) -> HGNC:1043
A8: COL1A1 | B8: 36829083 | C8: Moncla & Briend 2023 Nat Rev Cardiol | D8: Type I collagen alpha-1 chain that builds the osteoid-like ECM scaffold and is frequently elevated during fibrotic-to-osteogenic VIC conversion. | E8: =VLOOKUP(A8,_HGNC_REF!$A$2:$C$108,3,FALSE()) -> HGNC:2197
A9: COL1A2 | B9: 36829083 | C9: Moncla & Briend 2023 Nat Rev Cardiol | D9: Type I collagen alpha-2 chain that pairs with COL1A1 to form the collagenous matrix supporting mineral deposition. | E9: =VLOOKUP(A9,_HGNC_REF!$A$2:$C$108,3,FALSE()) -> HGNC:2198
A10: SP7 | B10: 36829083 | C10: Moncla & Briend 2023 Nat Rev Cardiol | D10: RUNX2 downstream osteogenic transcription factor Osterix that is required for maturation of osteoblast-like VICs. | E10: =VLOOKUP(A10,_HGNC_REF!$A$2:$C$108,3,FALSE()) -> HGNC:17321
A11: DLX5 | B11: 36829083 | C11: Moncla & Briend 2023 Nat Rev Cardiol | D11: BMP-responsive homeobox factor that cooperates with RUNX2 to activate osteogenic gene expression programs. | E11: =VLOOKUP(A11,_HGNC_REF!$A$2:$C$108,3,FALSE()) -> HGNC:2918
A12: MSX2 | B12: 36829083 | C12: Moncla & Briend 2023 Nat Rev Cardiol | D12: Developmental homeobox factor linked to pro-calcific reprogramming in valves and bone-forming lineages. | E12: =VLOOKUP(A12,_HGNC_REF!$A$2:$C$108,3,FALSE()) -> HGNC:7392
A13: ATF4 | B13: 36829083 | C13: Moncla & Briend 2023 Nat Rev Cardiol | D13: Osteoblast transcription factor that supports matrix protein synthesis and late-stage mineralization. | E13: =VLOOKUP(A13,_HGNC_REF!$A$2:$C$108,3,FALSE()) -> HGNC:786
... A28: POSTN | B28: 36829083 | C28: Moncla & Briend 2023 Nat Rev Cardiol | D28: Periostin ECM protein that helps organize valve matrix and is induced during activated, remodeling VIC states. | E28: =VLOOKUP(A28,_HGNC_REF!$A$2:$C$108,3,FALSE()) -> HGNC:16953

Sheet S100A9_RAGE_CALCIFICATION
A1: gene_symbol | B1: PMID | C1: citation_short | D1: rationale_one_line | E1: HGNC_ID
A2: S100A8 | B2: 22095980 | C2: Averill & Kerkhoff 2012 Arterioscler Thromb Vasc Biol | D2: Calprotectin partner of S100A9 that forms the heterodimeric DAMP complex and helps engage RAGE/TLR4 signaling. | E2: =VLOOKUP(A2,_HGNC_REF!$A$2:$C$108,3,FALSE()) -> HGNC:10498
A3: S100A9 | B3: 22095980 | C3: Averill & Kerkhoff 2012 Arterioscler Thromb Vasc Biol | D3: Myeloid DAMP that signals through RAGE and TLR4 to activate NF-kB-dependent inflammatory programs. | E3: =VLOOKUP(A3,_HGNC_REF!$A$2:$C$108,3,FALSE()) -> HGNC:10499
A4: AGER | B4: 27547766 | C4: Kay & Simpson 2016 J Diabetes Res | D4: RAGE receptor that binds S100A8/A9 and transduces NF-kB and PI3K signaling in inflammatory calcification contexts. | E4: =VLOOKUP(A4,_HGNC_REF!$A$2:$C$108,3,FALSE()) -> HGNC:320
A5: TLR4 | B5: 32958760 | C5: Yu & Lin 2020 Signal Transduct Target Ther | D5: Alternative receptor for S100A8/A9 that initiates MyD88-dependent inflammatory signaling. | E5: =VLOOKUP(A5,_HGNC_REF!$A$2:$C$108,3,FALSE()) -> HGNC:11850
A6: MYD88 | B6: 32958760 | C6: Yu & Lin 2020 Signal Transduct Target Ther | D6: Adaptor recruited by TLR4 to assemble the IRAK–TRAF6 complex that activates NF-kB. | E6: =VLOOKUP(A6,_HGNC_REF!$A$2:$C$108,3,FALSE()) -> HGNC:7562
A7: NFKB1 | B7: 32958760 | C7: Yu & Lin 2020 Signal Transduct Target Ther | D7: NF-kB p50 subunit that dimerizes with RELA to drive transcription of inflammatory cytokines and chemokines. | E7: =VLOOKUP(A7,_HGNC_REF!$A$2:$C$108,3,FALSE()) -> HGNC:7794
A8: RELA | B8: 32958760 | C8: Yu & Lin 2020 Signal Transduct Target Ther | D8: NF-kB p65 subunit that mediates inflammatory gene activation downstream of RAGE/TLR4/MyD88. | E8: =VLOOKUP(A8,_HGNC_REF!$A$2:$C$108,3,FALSE()) -> HGNC:9955
A9: NFKBIA | B9: 32958760 | C9: Yu & Lin 2020 Signal Transduct Target Ther | D9: IkB alpha inhibitor that retains NF-kB in the cytoplasm until phosphorylated and degraded after receptor stimulation. | E9: =VLOOKUP(A9,_HGNC_REF!$A$2:$C$108,3,FALSE()) -> HGNC:7797
A10: TNF | B10: 32958760 | C10: Yu & Lin 2020 Signal Transduct Target Ther | D10: Pro-inflammatory cytokine induced by NF-kB that amplifies the inflammatory circuit in calcifying lesions. | E10: =VLOOKUP(A10,_HGNC_REF!$A$2:$C$108,3,FALSE()) -> HGNC:11892
A11: IL1B | B11: 32958760 | C11: Yu & Lin 2020 Signal Transduct Target Ther | D11: Inflammasome-linked cytokine that promotes osteogenic and inflammatory activation in calcification microenvironments. | E11: =VLOOKUP(A11,_HGNC_REF!$A$2:$C$108,3,FALSE()) -> HGNC:5992
A12: IL6 | B12: 32958760 | C12: Yu & Lin 2020 Signal Transduct Target Ther | D12: NF-kB-responsive cytokine that engages JAK-STAT signaling and reinforces inflammatory calcification programs. | E12: =VLOOKUP(A12,_HGNC_REF!$A$2:$C$108,3,FALSE()) -> HGNC:6018
A13: CXCL8 | B13: 32958760 | C13: Yu & Lin 2020 Signal Transduct Target Ther | D13: Chemokine that recruits neutrophils and myeloid cells, sustaining inflammatory remodeling in calcified tissue. | E13: =VLOOKUP(A13,_HGNC_REF!$A$2:$C$108,3,FALSE()) -> HGNC:6025
... A18: IL18 | B18: 29880500 | C18: Grebe & Hoss 2018 Circ Res | D18: Inflammasome product cytokine that amplifies sterile inflammation and can contribute to calcification-associated immune activation. | E18: =VLOOKUP(A18,_HGNC_REF!$A$2:$C$108,3,FALSE()) -> HGNC:5986

Sheet jaccard_check
A1: Jaccard matrix (公式实时计算，master 改动会同步)
B3: CUSTOM_LEPTIN_MTOR_SIGNALING | C3: CUSTOM_MTOR_AUTOPHAGY_LIPOPHAGY_AXIS | D3: CUSTOM_LIPOPHAGY_CORE | E3: CUSTOM_VIC_OSTEOGENIC_DIFFERENTIATION | F3: CUSTOM_S100A9_RAGE_CALCIFICATION
A4: CUSTOM_LEPTIN_MTOR_SIGNALING | B4: 1 | C4: =IFERROR(SUMPRODUCT((master!$F$2:$F$201="CUSTOM_LEPTIN_MTOR_SIGNALING")*(COUNTIFS(master!$F$2:$F$201,"CUSTOM_MTOR_AUTOPHAGY_LIPOPHAGY_AXIS",master!$A$2:$A$201,master!$A$2:$A$201)>0))/(COUNTIF(master!$F$2:$F$201,"CUSTOM_LEPTIN_MTOR_SIGNALING")+COUNTIF(master!$F$2:$F$201,"CUSTOM_MTOR_AUTOPHAGY_LIPOPHAGY_AXIS")-SUMPRODUCT((master!$F$2:$F$201="CUSTOM_LEPTIN_MTOR_SIGNALING")*(COUNTIFS(master!$F$2:$F$201,"CUSTOM_MTOR_AUTOPHAGY_LIPOPHAGY_AXIS",master!$A$2:$A$201,master!$A$2:$A$201)>0))),0) -> 0 | D4: =IFERROR(SUMPRODUCT((master!$F$2:$F$201="CUSTOM_LEPTIN_MTOR_SIGNALING")*(COUNTIFS(master!$F$2:$F$201,"CUSTOM_LIPOPHAGY_CORE",master!$A$2:$A$201,master!$A$2:$A$201)>0))/(COUNTIF(master!$F$2:$F$201,"CUSTOM_LEPTIN_MTOR_SIGNALING")+COUNTIF(master!$F$2:$F$201,"CUSTOM_LIPOPHAGY_CORE")-SUMPRODUCT((master!$F$2:$F$201="CUSTOM_LEPTIN_MTOR_SIGNALING")*(COUNTIFS(master!$F$2:$F$201,"CUSTOM_LIPOPHAGY_CORE",master!$A$2:$A$201,master!$A$2:$A$201)>0))),0) -> 0 | E4: =IFERROR(SUMPRODUCT((master!$F$2:$F$201="CUSTOM_LEPTIN_MTOR_SIGNALING")*(COUNTIFS(master!$F$2:$F$201,"CUSTOM_VIC_OSTEOGENIC_DIFFERENTIATION",master!$A$2:$A$201,master!$A$2:$A$201)>0))/(COUNTIF(master!$F$2:$F$201,"CUSTOM_LEPTIN_MTOR_SIGNALING")+COUNTIF(master!$F$2:$F$201,"CUSTOM_VIC_OSTEOGENIC_DIFFERENTIATION")-SUMPRODUCT((master!$F$2:$F$201="CUSTOM_LEPTIN_MTOR_SIGNALING")*(COUNTIFS(master!$F$2:$F$201,"CUSTOM_VIC_OSTEOGENIC_DIFFERENTIATION",master!$A$2:$A$201,master!$A$2:$A$201)>0))),0) -> 0 | F4: =IFERROR(SUMPRODUCT((master!$F$2:$F$201="CUSTOM_LEPTIN_MTOR_SIGNALING")*(COUNTIFS(master!$F$2:$F$201,"CUSTOM_S100A9_RAGE_CALCIFICATION",master!$A$2:$A$201,master!$A$2:$A$201)>0))/(COUNTIF(master!$F$2:$F$201,"CUSTOM_LEPTIN_MTOR_SIGNALING")+COUNTIF(master!$F$2:$F$201,"CUSTOM_S100A9_RAGE_CALCIFICATION")-SUMPRODUCT((master!$F$2:$F$201="CUSTOM_LEPTIN_MTOR_SIGNALING")*(COUNTIFS(master!$F$2:$F$201,"CUSTOM_S100A9_RAGE_CALCIFICATION",master!$A$2:$A$201,master!$A$2:$A$201)>0))),0) -> 0
A5: CUSTOM_MTOR_AUTOPHAGY_LIPOPHAGY_AXIS | B5: =IFERROR(SUMPRODUCT((master!$F$2:$F$201="CUSTOM_MTOR_AUTOPHAGY_LIPOPHAGY_AXIS")*(COUNTIFS(master!$F$2:$F$201,"CUSTOM_LEPTIN_MTOR_SIGNALING",master!$A$2:$A$201,master!$A$2:$A$201)>0))/(COUNTIF(master!$F$2:$F$201,"CUSTOM_MTOR_AUTOPHAGY_LIPOPHAGY_AXIS")+COUNTIF(master!$F$2:$F$201,"CUSTOM_LEPTIN_MTOR_SIGNALING")-SUMPRODUCT((master!$F$2:$F$201="CUSTOM_MTOR_AUTOPHAGY_LIPOPHAGY_AXIS")*(COUNTIFS(master!$F$2:$F$201,"CUSTOM_LEPTIN_MTOR_SIGNALING",master!$A$2:$A$201,master!$A$2:$A$201)>0))),0) -> 0 | C5: 1 | D5: =IFERROR(SUMPRODUCT((master!$F$2:$F$201="CUSTOM_MTOR_AUTOPHAGY_LIPOPHAGY_AXIS")*(COUNTIFS(master!$F$2:$F$201,"CUSTOM_LIPOPHAGY_CORE",master!$A$2:$A$201,master!$A$2:$A$201)>0))/(COUNTIF(master!$F$2:$F$201,"CUSTOM_MTOR_AUTOPHAGY_LIPOPHAGY_AXIS")+COUNTIF(master!$F$2:$F$201,"CUSTOM_LIPOPHAGY_CORE")-SUMPRODUCT((master!$F$2:$F$201="CUSTOM_MTOR_AUTOPHAGY_LIPOPHAGY_AXIS")*(COUNTIFS(master!$F$2:$F$201,"CUSTOM_LIPOPHAGY_CORE",master!$A$2:$A$201,master!$A$2:$A$201)>0))),0) -> 0.024390244 | E5: =IFERROR(SUMPRODUCT((master!$F$2:$F$201="CUSTOM_MTOR_AUTOPHAGY_LIPOPHAGY_AXIS")*(COUNTIFS(master!$F$2:$F$201,"CUSTOM_VIC_OSTEOGENIC_DIFFERENTIATION",master!$A$2:$A$201,master!$A$2:$A$201)>0))/(COUNTIF(master!$F$2:$F$201,"CUSTOM_MTOR_AUTOPHAGY_LIPOPHAGY_AXIS")+COUNTIF(master!$F$2:$F$201,"CUSTOM_VIC_OSTEOGENIC_DIFFERENTIATION")-SUMPRODUCT((master!$F$2:$F$201="CUSTOM_MTOR_AUTOPHAGY_LIPOPHAGY_AXIS")*(COUNTIFS(master!$F$2:$F$201,"CUSTOM_VIC_OSTEOGENIC_DIFFERENTIATION",master!$A$2:$A$201,master!$A$2:$A$201)>0))),0) -> 0 | F5: =IFERROR(SUMPRODUCT((master!$F$2:$F$201="CUSTOM_MTOR_AUTOPHAGY_LIPOPHAGY_AXIS")*(COUNTIFS(master!$F$2:$F$201,"CUSTOM_S100A9_RAGE_CALCIFICATION",master!$A$2:$A$201,master!$A$2:$A$201)>0))/(COUNTIF(master!$F$2:$F$201,"CUSTOM_MTOR_AUTOPHAGY_LIPOPHAGY_AXIS")+COUNTIF(master!$F$2:$F$201,"CUSTOM_S100A9_RAGE_CALCIFICATION")-SUMPRODUCT((master!$F$2:$F$201="CUSTOM_MTOR_AUTOPHAGY_LIPOPHAGY_AXIS")*(COUNTIFS(master!$F$2:$F$201,"CUSTOM_S100A9_RAGE_CALCIFICATION",master!$A$2:$A$201,master!$A$2:$A$201)>0))),0) -> 0
A6: CUSTOM_LIPOPHAGY_CORE | B6: =IFERROR(SUMPRODUCT((master!$F$2:$F$201="CUSTOM_LIPOPHAGY_CORE")*(COUNTIFS(master!$F$2:$F$201,"CUSTOM_LEPTIN_MTOR_SIGNALING",master!$A$2:$A$201,master!$A$2:$A$201)>0))/(COUNTIF(master!$F$2:$F$201,"CUSTOM_LIPOPHAGY_CORE")+COUNTIF(master!$F$2:$F$201,"CUSTOM_LEPTIN_MTOR_SIGNALING")-SUMPRODUCT((master!$F$2:$F$201="CUSTOM_LIPOPHAGY_CORE")*(COUNTIFS(master!$F$2:$F$201,"CUSTOM_LEPTIN_MTOR_SIGNALING",master!$A$2:$A$201,master!$A$2:$A$201)>0))),0) -> 0 | C6: =IFERROR(SUMPRODUCT((master!$F$2:$F$201="CUSTOM_LIPOPHAGY_CORE")*(COUNTIFS(master!$F$2:$F$201,"CUSTOM_MTOR_AUTOPHAGY_LIPOPHAGY_AXIS",master!$A$2:$A$201,master!$A$2:$A$201)>0))/(COUNTIF(master!$F$2:$F$201,"CUSTOM_LIPOPHAGY_CORE")+COUNTIF(master!$F$2:$F$201,"CUSTOM_MTOR_AUTOPHAGY_LIPOPHAGY_AXIS")-SUMPRODUCT((master!$F$2:$F$201="CUSTOM_LIPOPHAGY_CORE")*(COUNTIFS(master!$F$2:$F$201,"CUSTOM_MTOR_AUTOPHAGY_LIPOPHAGY_AXIS",master!$A$2:$A$201,master!$A$2:$A$201)>0))),0) -> 0.024390244 | D6: 1 | E6: =IFERROR(SUMPRODUCT((master!$F$2:$F$201="CUSTOM_LIPOPHAGY_CORE")*(COUNTIFS(master!$F$2:$F$201,"CUSTOM_VIC_OSTEOGENIC_DIFFERENTIATION",master!$A$2:$A$201,master!$A$2:$A$201)>0))/(COUNTIF(master!$F$2:$F$201,"CUSTOM_LIPOPHAGY_CORE")+COUNTIF(master!$F$2:$F$201,"CUSTOM_VIC_OSTEOGENIC_DIFFERENTIATION")-SUMPRODUCT((master!$F$2:$F$201="CUSTOM_LIPOPHAGY_CORE")*(COUNTIFS(master!$F$2:$F$201,"CUSTOM_VIC_OSTEOGENIC_DIFFERENTIATION",master!$A$2:$A$201,master!$A$2:$A$201)>0))),0) -> 0 | F6: =IFERROR(SUMPRODUCT((master!$F$2:$F$201="CUSTOM_LIPOPHAGY_CORE")*(COUNTIFS(master!$F$2:$F$201,"CUSTOM_S100A9_RAGE_CALCIFICATION",master!$A$2:$A$201,master!$A$2:$A$201)>0))/(COUNTIF(master!$F$2:$F$201,"CUSTOM_LIPOPHAGY_CORE")+COUNTIF(master!$F$2:$F$201,"CUSTOM_S100A9_RAGE_CALCIFICATION")-SUMPRODUCT((master!$F$2:$F$201="CUSTOM_LIPOPHAGY_CORE")*(COUNTIFS(master!$F$2:$F$201,"CUSTOM_S100A9_RAGE_CALCIFICATION",master!$A$2:$A$201,master!$A$2:$A$201)>0))),0) -> 0
A7: CUSTOM_VIC_OSTEOGENIC_DIFFERENTIATION | B7: =IFERROR(SUMPRODUCT((master!$F$2:$F$201="CUSTOM_VIC_OSTEOGENIC_DIFFERENTIATION")*(COUNTIFS(master!$F$2:$F$201,"CUSTOM_LEPTIN_MTOR_SIGNALING",master!$A$2:$A$201,master!$A$2:$A$201)>0))/(COUNTIF(master!$F$2:$F$201,"CUSTOM_VIC_OSTEOGENIC_DIFFERENTIATION")+COUNTIF(master!$F$2:$F$201,"CUSTOM_LEPTIN_MTOR_SIGNALING")-SUMPRODUCT((master!$F$2:$F$201="CUSTOM_VIC_OSTEOGENIC_DIFFERENTIATION")*(COUNTIFS(master!$F$2:$F$201,"CUSTOM_LEPTIN_MTOR_SIGNALING",master!$A$2:$A$201,master!$A$2:$A$201)>0))),0) -> 0 | C7: =IFERROR(SUMPRODUCT((master!$F$2:$F$201="CUSTOM_VIC_OSTEOGENIC_DIFFERENTIATION")*(COUNTIFS(master!$F$2:$F$201,"CUSTOM_MTOR_AUTOPHAGY_LIPOPHAGY_AXIS",master!$A$2:$A$201,master!$A$2:$A$201)>0))/(COUNTIF(master!$F$2:$F$201,"CUSTOM_VIC_OSTEOGENIC_DIFFERENTIATION")+COUNTIF(master!$F$2:$F$201,"CUSTOM_MTOR_AUTOPHAGY_LIPOPHAGY_AXIS")-SUMPRODUCT((master!$F$2:$F$201="CUSTOM_VIC_OSTEOGENIC_DIFFERENTIATION")*(COUNTIFS(master!$F$2:$F$201,"CUSTOM_MTOR_AUTOPHAGY_LIPOPHAGY_AXIS",master!$A$2:$A$201,master!$A$2:$A$201)>0))),0) -> 0 | D7: =IFERROR(SUMPRODUCT((master!$F$2:$F$201="CUSTOM_VIC_OSTEOGENIC_DIFFERENTIATION")*(COUNTIFS(master!$F$2:$F$201,"CUSTOM_LIPOPHAGY_CORE",master!$A$2:$A$201,master!$A$2:$A$201)>0))/(COUNTIF(master!$F$2:$F$201,"CUSTOM_VIC_OSTEOGENIC_DIFFERENTIATION")+COUNTIF(master!$F$2:$F$201,"CUSTOM_LIPOPHAGY_CORE")-SUMPRODUCT((master!$F$2:$F$201="CUSTOM_VIC_OSTEOGENIC_DIFFERENTIATION")*(COUNTIFS(master!$F$2:$F$201,"CUSTOM_LIPOPHAGY_CORE",master!$A$2:$A$201,master!$A$2:$A$201)>0))),0) -> 0 | E7: 1 | F7: =IFERROR(SUMPRODUCT((master!$F$2:$F$201="CUSTOM_VIC_OSTEOGENIC_DIFFERENTIATION")*(COUNTIFS(master!$F$2:$F$201,"CUSTOM_S100A9_RAGE_CALCIFICATION",master!$A$2:$A$201,master!$A$2:$A$201)>0))/(COUNTIF(master!$F$2:$F$201,"CUSTOM_VIC_OSTEOGENIC_DIFFERENTIATION")+COUNTIF(master!$F$2:$F$201,"CUSTOM_S100A9_RAGE_CALCIFICATION")-SUMPRODUCT((master!$F$2:$F$201="CUSTOM_VIC_OSTEOGENIC_DIFFERENTIATION")*(COUNTIFS(master!$F$2:$F$201,"CUSTOM_S100A9_RAGE_CALCIFICATION",master!$A$2:$A$201,master!$A$2:$A$201)>0))),0) -> 0
A8: CUSTOM_S100A9_RAGE_CALCIFICATION | B8: =IFERROR(SUMPRODUCT((master!$F$2:$F$201="CUSTOM_S100A9_RAGE_CALCIFICATION")*(COUNTIFS(master!$F$2:$F$201,"CUSTOM_LEPTIN_MTOR_SIGNALING",master!$A$2:$A$201,master!$A$2:$A$201)>0))/(COUNTIF(master!$F$2:$F$201,"CUSTOM_S100A9_RAGE_CALCIFICATION")+COUNTIF(master!$F$2:$F$201,"CUSTOM_LEPTIN_MTOR_SIGNALING")-SUMPRODUCT((master!$F$2:$F$201="CUSTOM_S100A9_RAGE_CALCIFICATION")*(COUNTIFS(master!$F$2:$F$201,"CUSTOM_LEPTIN_MTOR_SIGNALING",master!$A$2:$A$201,master!$A$2:$A$201)>0))),0) -> 0 | C8: =IFERROR(SUMPRODUCT((master!$F$2:$F$201="CUSTOM_S100A9_RAGE_CALCIFICATION")*(COUNTIFS(master!$F$2:$F$201,"CUSTOM_MTOR_AUTOPHAGY_LIPOPHAGY_AXIS",master!$A$2:$A$201,master!$A$2:$A$201)>0))/(COUNTIF(master!$F$2:$F$201,"CUSTOM_S100A9_RAGE_CALCIFICATION")+COUNTIF(master!$F$2:$F$201,"CUSTOM_MTOR_AUTOPHAGY_LIPOPHAGY_AXIS")-SUMPRODUCT((master!$F$2:$F$201="CUSTOM_S100A9_RAGE_CALCIFICATION")*(COUNTIFS(master!$F$2:$F$201,"CUSTOM_MTOR_AUTOPHAGY_LIPOPHAGY_AXIS",master!$A$2:$A$201,master!$A$2:$A$201)>0))),0) -> 0 | D8: =IFERROR(SUMPRODUCT((master!$F$2:$F$201="CUSTOM_S100A9_RAGE_CALCIFICATION")*(COUNTIFS(master!$F$2:$F$201,"CUSTOM_LIPOPHAGY_CORE",master!$A$2:$A$201,master!$A$2:$A$201)>0))/(COUNTIF(master!$F$2:$F$201,"CUSTOM_S100A9_RAGE_CALCIFICATION")+COUNTIF(master!$F$2:$F$201,"CUSTOM_LIPOPHAGY_CORE")-SUMPRODUCT((master!$F$2:$F$201="CUSTOM_S100A9_RAGE_CALCIFICATION")*(COUNTIFS(master!$F$2:$F$201,"CUSTOM_LIPOPHAGY_CORE",master!$A$2:$A$201,master!$A$2:$A$201)>0))),0) -> 0 | E8: =IFERROR(SUMPRODUCT((master!$F$2:$F$201="CUSTOM_S100A9_RAGE_CALCIFICATION")*(COUNTIFS(master!$F$2:$F$201,"CUSTOM_VIC_OSTEOGENIC_DIFFERENTIATION",master!$A$2:$A$201,master!$A$2:$A$201)>0))/(COUNTIF(master!$F$2:$F$201,"CUSTOM_S100A9_RAGE_CALCIFICATION")+COUNTIF(master!$F$2:$F$201,"CUSTOM_VIC_OSTEOGENIC_DIFFERENTIATION")-SUMPRODUCT((master!$F$2:$F$201="CUSTOM_S100A9_RAGE_CALCIFICATION")*(COUNTIFS(master!$F$2:$F$201,"CUSTOM_VIC_OSTEOGENIC_DIFFERENTIATION",master!$A$2:$A$201,master!$A$2:$A$201)>0))),0) -> 0 | F8: 1
A10: set size (n genes) | B10: =COUNTIF(master!$F$2:$F$201,"CUSTOM_LEPTIN_MTOR_SIGNALING") -> 22 | C10: =COUNTIF(master!$F$2:$F$201,"CUSTOM_MTOR_AUTOPHAGY_LIPOPHAGY_AXIS") -> 20 | D10: =COUNTIF(master!$F$2:$F$201,"CUSTOM_LIPOPHAGY_CORE") -> 22 | E10: =COUNTIF(master!$F$2:$F$201,"CUSTOM_VIC_OSTEOGENIC_DIFFERENTIATION") -> 27 | F10: =COUNTIF(master!$F$2:$F$201,"CUSTOM_S100A9_RAGE_CALCIFICATION") -> 17
A13: Pairwise overlap (shared_genes 是当前快照；改 master 后请重算)
A14: pair | B14: jaccard | C14: n_shared | D14: shared_genes | E14: flag
A15: LEPTIN_MTOR vs MTOR_AUTOPHAGY | B15: =C4 -> 0 | C15: 0 | D15: (none) | E15: ok
A16: LEPTIN_MTOR vs LIPOPHAGY | B16: =D4 -> 0 | C16: 0 | D16: (none) | E16: ok
A17: LEPTIN_MTOR vs VIC_OSTEOGENIC | B17: =E4 -> 0 | C17: 0 | D17: (none) | E17: ok
A18: LEPTIN_MTOR vs S100A9_RAGE | B18: =F4 -> 0 | C18: 0 | D18: (none) | E18: ok
A19: MTOR_AUTOPHAGY vs LIPOPHAGY | B19: =D5 -> 0.024390244 | C19: 1 | D19: RAB7A | E19: ok
A20: MTOR_AUTOPHAGY vs VIC_OSTEOGENIC | B20: =E5 -> 0 | C20: 0 | D20: (none) | E20: ok
A21: MTOR_AUTOPHAGY vs S100A9_RAGE | B21: =F5 -> 0 | C21: 0 | D21: (none) | E21: ok
A22: LIPOPHAGY vs VIC_OSTEOGENIC | B22: =E6 -> 0 | C22: 0 | D22: (none) | E22: ok
A23: LIPOPHAGY vs S100A9_RAGE | B23: =F6 -> 0 | C23: 0 | D23: (none) | E23: ok
A24: VIC_OSTEOGENIC vs S100A9_RAGE | B24: =F7 -> 0 | C24: 0 | D24: (none) | E24: ok

Sheet master
A1: gene_symbol | B1: PMID | C1: citation_short | D1: rationale_one_line | E1: HGNC_ID | F1: gene_set | G1: curator_initials | H1: date_added
A2: LEP | B2: 37724323 | C2: Liu & Lai 2022 Med Rev | D2: Encodes leptin secreted by adipocytes, ligand of LEPR that initiates JAK2–STAT and PI3K–AKT–mTOR signaling. | E2: =VLOOKUP(A2,_HGNC_REF!$A$2:$C$108,3,FALSE()) -> HGNC:6553 | F2: CUSTOM_LEPTIN_MTOR_SIGNALING | G2: LZY | H2: 2026-05-26
A3: LEPR | B3: 37724323 | C3: Liu & Lai 2022 Med Rev | D3: Leptin receptor long isoform whose cytoplasmic tyrosines recruit JAK2, STAT3/5 and IRS proteins to trigger downstream pathways. | E3: =VLOOKUP(A3,_HGNC_REF!$A$2:$C$108,3,FALSE()) -> HGNC:6554 | F3: CUSTOM_LEPTIN_MTOR_SIGNALING | G3: LZY | H3: 2026-05-26
A4: JAK2 | B4: 37724323 | C4: Liu & Lai 2022 Med Rev | D4: Tyrosine kinase pre-associated with LEPR that autophosphorylates and phosphorylates LEPR tails upon leptin binding. | E4: =VLOOKUP(A4,_HGNC_REF!$A$2:$C$108,3,FALSE()) -> HGNC:6192 | F4: CUSTOM_LEPTIN_MTOR_SIGNALING | G4: LZY | H4: 2026-05-26
A5: STAT3 | B5: 37724323 | C5: Liu & Lai 2022 Med Rev | D5: Transcription factor recruited to LEPR Tyr1138 and phosphorylated by JAK2, then dimerizes to induce SOCS3 and other target genes. | E5: =VLOOKUP(A5,_HGNC_REF!$A$2:$C$108,3,FALSE()) -> HGNC:11364 | F5: CUSTOM_LEPTIN_MTOR_SIGNALING | G5: LZY | H5: 2026-05-26
A6: PIK3CA | B6: 28283069 | C6: Saxton & Sabatini 2017 Cell | D6: Catalytic subunit p110α of class IA PI3K that generates PIP3 after binding IRS adaptors downstream of leptin. | E6: =VLOOKUP(A6,_HGNC_REF!$A$2:$C$108,3,FALSE()) -> HGNC:8975 | F6: CUSTOM_LEPTIN_MTOR_SIGNALING | G6: LZY | H6: 2026-05-26
A7: PIK3CB | B7: 28283069 | C7: Saxton & Sabatini 2017 Cell | D7: Catalytic subunit p110β of PI3K that can sustain PIP3 and AKT activation especially when PTEN activity is low. | E7: =VLOOKUP(A7,_HGNC_REF!$A$2:$C$108,3,FALSE()) -> HGNC:8976 | F7: CUSTOM_LEPTIN_MTOR_SIGNALING | G7: LZY | H7: 2026-05-26
A8: AKT1 | B8: 28283069 | C8: Saxton & Sabatini 2017 Cell | D8: Serine/threonine kinase activated by PDK1 and mTORC2 that phosphorylates TSC2 to relieve its inhibition of RHEB–mTORC1. | E8: =VLOOKUP(A8,_HGNC_REF!$A$2:$C$108,3,FALSE()) -> HGNC:391 | F8: CUSTOM_LEPTIN_MTOR_SIGNALING | G8: LZY | H8: 2026-05-26
A9: AKT2 | B9: 28283069 | C9: Saxton & Sabatini 2017 Cell | D9: AKT isoform dominant in metabolic tissues, phosphorylating TSC2 and FOXO1 to couple leptin/insulin signals to mTORC1 and glucose metabolism. | E9: =VLOOKUP(A9,_HGNC_REF!$A$2:$C$108,3,FALSE()) -> HGNC:392 | F9: CUSTOM_LEPTIN_MTOR_SIGNALING | G9: LZY | H9: 2026-05-26
A10: MTOR | B10: 28283069 | C10: Saxton & Sabatini 2017 Cell | D10: Catalytic subunit of mTORC1/2 that integrates leptin-driven PI3K–AKT input with nutrients to control protein synthesis and autophagy. | E10: =VLOOKUP(A10,_HGNC_REF!$A$2:$C$108,3,FALSE()) -> HGNC:3942 | F10: CUSTOM_LEPTIN_MTOR_SIGNALING | G10: LZY | H10: 2026-05-26
A11: RPTOR | B11: 28283069 | C11: Saxton & Sabatini 2017 Cell | D11: Scaffold subunit defining mTORC1 that recruits substrates such as S6K1 and 4E-BP1 for phosphorylation by mTOR. | E11: =VLOOKUP(A11,_HGNC_REF!$A$2:$C$108,3,FALSE()) -> HGNC:30287 | F11: CUSTOM_LEPTIN_MTOR_SIGNALING | G11: LZY | H11: 2026-05-26
A12: DEPTOR | B12: 28283069 | C12: Saxton & Sabatini 2017 Cell | D12: Endogenous inhibitor that binds mTORC1/2 and lowers S6K1/4E-BP1 phosphorylation while relieving negative feedback to PI3K–AKT. | E12: =VLOOKUP(A12,_HGNC_REF!$A$2:$C$108,3,FALSE()) -> HGNC:22953 | F12: CUSTOM_LEPTIN_MTOR_SIGNALING | G12: LZY | H12: 2026-05-26
A13: TSC1 | B13: 28283069 | C13: Saxton & Sabatini 2017 Cell | D13: Stabilizing partner of TSC2 forming a GAP complex that converts RHEB-GTP to RHEB-GDP and thereby suppresses mTORC1 when active. | E13: =VLOOKUP(A13,_HGNC_REF!$A$2:$C$108,3,FALSE()) -> HGNC:12362 | F13: CUSTOM_LEPTIN_MTOR_SIGNALING | G13: LZY | H13: 2026-05-26
... A109: IL18 | B109: 29880500 | C109: Grebe & Hoss 2018 Circ Res | D109: Inflammasome product cytokine that amplifies sterile inflammation and can contribute to calcification-associated immune activation. | E109: =VLOOKUP(A109,_HGNC_REF!$A$2:$C$108,3,FALSE()) -> HGNC:5986 | F109: CUSTOM_S100A9_RAGE_CALCIFICATION | G109: LZY | H109: 2026-05-26

Sheet _ALL_ROWS
A1: gene_symbol | B1: PMID | C1: gene_set | D1: HGNC_ID
A2: LEP | B2: 37724323 | C2: CUSTOM_LEPTIN_MTOR_SIGNALING | D2: =VLOOKUP(A2,_HGNC_REF!$A$2:$C$108,3,FALSE()) -> HGNC:6553
A3: LEPR | B3: 37724323 | C3: CUSTOM_LEPTIN_MTOR_SIGNALING | D3: =VLOOKUP(A3,_HGNC_REF!$A$2:$C$108,3,FALSE()) -> HGNC:6554
A4: JAK2 | B4: 37724323 | C4: CUSTOM_LEPTIN_MTOR_SIGNALING | D4: =VLOOKUP(A4,_HGNC_REF!$A$2:$C$108,3,FALSE()) -> HGNC:6192
A5: STAT3 | B5: 37724323 | C5: CUSTOM_LEPTIN_MTOR_SIGNALING | D5: =VLOOKUP(A5,_HGNC_REF!$A$2:$C$108,3,FALSE()) -> HGNC:11364
A6: PIK3CA | B6: 28283069 | C6: CUSTOM_LEPTIN_MTOR_SIGNALING | D6: =VLOOKUP(A6,_HGNC_REF!$A$2:$C$108,3,FALSE()) -> HGNC:8975
A7: PIK3CB | B7: 28283069 | C7: CUSTOM_LEPTIN_MTOR_SIGNALING | D7: =VLOOKUP(A7,_HGNC_REF!$A$2:$C$108,3,FALSE()) -> HGNC:8976
A8: AKT1 | B8: 28283069 | C8: CUSTOM_LEPTIN_MTOR_SIGNALING | D8: =VLOOKUP(A8,_HGNC_REF!$A$2:$C$108,3,FALSE()) -> HGNC:391
A9: AKT2 | B9: 28283069 | C9: CUSTOM_LEPTIN_MTOR_SIGNALING | D9: =VLOOKUP(A9,_HGNC_REF!$A$2:$C$108,3,FALSE()) -> HGNC:392
A10: MTOR | B10: 28283069 | C10: CUSTOM_LEPTIN_MTOR_SIGNALING | D10: =VLOOKUP(A10,_HGNC_REF!$A$2:$C$108,3,FALSE()) -> HGNC:3942
A11: RPTOR | B11: 28283069 | C11: CUSTOM_LEPTIN_MTOR_SIGNALING | D11: =VLOOKUP(A11,_HGNC_REF!$A$2:$C$108,3,FALSE()) -> HGNC:30287
A12: DEPTOR | B12: 28283069 | C12: CUSTOM_LEPTIN_MTOR_SIGNALING | D12: =VLOOKUP(A12,_HGNC_REF!$A$2:$C$108,3,FALSE()) -> HGNC:22953
A13: TSC1 | B13: 28283069 | C13: CUSTOM_LEPTIN_MTOR_SIGNALING | D13: =VLOOKUP(A13,_HGNC_REF!$A$2:$C$108,3,FALSE()) -> HGNC:12362
... A109: IL18 | B109: 29880500 | C109: CUSTOM_S100A9_RAGE_CALCIFICATION | D109: =VLOOKUP(A109,_HGNC_REF!$A$2:$C$108,3,FALSE()) -> HGNC:5986

Sheet _PMID_DUPS
A1: PMID | B1: citation_short | C1: genes | D1: gene_count
A2: 36829083 | B2: Moncla & Briend 2023 Nat Rev Cardiol | C2: ALPL; ATF4; BGLAP; BMP2; BMP4; COL1A1; COL1A2; DLX5; IBSP; KLF4; LRP5; LRP6; MSX2; NOTCH1; POSTN; RUNX2; SP7; SPP1; TGFB1; WNT3A; WNT5A | D2: 21
A3: 28283069 | B3: Saxton & Sabatini 2017 Cell | C3: AKT1; AKT2; DEPTOR; EIF4EBP1; MTOR; PIK3CA; PIK3CB; PRKAA1; PTEN; RHEB; RPS6; RPS6KB1; RPTOR; TFE3; TFEB; TSC1; TSC2 | D3: 17
A4: 30633901 | B4: Levine & Kroemer 2019 Cell | C4: ATG12; ATG13; ATG14; ATG16L1; ATG5; ATG7; BECN1; GABARAPL1; PIK3C3; RAB7A; RB1CC1; SQSTM1; STX17; ULK1; WIPI1; WIPI2 | D4: 16
A5: 32958760 | B5: Yu & Lin 2020 Signal Transduct Target Ther | C5: CXCL8; IL1B; IL6; MYD88; NFKB1; NFKBIA; NOS2; RELA; TLR4; TNF | D5: 10
A6: 33794741 | B6: Filali-Mouncef & Hunter 2022 Autophagy | C6: CPT1A; LAMP2; LIPA; MAP1LC3B; PLIN3; PLIN5; PNPLA2; PPARA; RAB7A | D6: 9
A7: 37724323 | B7: Liu & Lai 2022 Med Rev | C7: FOXO1; IRS1; IRS2; JAK2; LEP; LEPR; SOCS3; STAT3 | D7: 8
A8: 30523332 | B8: Olzmann & Carvalho 2019 Nat Rev Mol Cell Biol | C8: CIDEA; CIDEC; DGAT1; DGAT2; FABP4; FITM2; LIPE; PLIN4 | D8: 8
A9: 36620697 | B9: Pan & Jie 2023 MedComm | C9: ANKH; ENPP1; MGP; PHOSPHO1; SLC20A1; SLC20A2 | D9: 6
A10: 22095980 | B10: Averill & Kerkhoff 2012 Arterioscler Thromb Vasc Biol | C10: S100A8; S100A9 | D10: 2
A11: 31036962 | B11: Swanson & Deng 2019 Nat Rev Immunol | C11: CASP1; NLRP3 | D11: 2

Sheet _HGNC_REF
A1: Input | B1: Approved symbol | C1: HGNC ID | D1: Approved name | E1: Location
A2: LEP | B2: LEP | C2: HGNC:6553 | D2: leptin | E2: 7q32.1
A3: LEPR | B3: LEPR | C3: HGNC:6554 | D3: leptin receptor | E3: 1p31.3
A4: JAK2 | B4: JAK2 | C4: HGNC:6192 | D4: Janus kinase 2 | E4: 9p24.1
A5: STAT3 | B5: STAT3 | C5: HGNC:11364 | D5: signal transducer and activator of transcription 3 | E5: 17q21.2
A6: PIK3CA | B6: PIK3CA | C6: HGNC:8975 | D6: phosphatidylinositol-4,5-bisphosphate 3-kinase catalytic subunit alpha | E6: 3q26.32
A7: PIK3CB | B7: PIK3CB | C7: HGNC:8976 | D7: phosphatidylinositol-4,5-bisphosphate 3-kinase catalytic subunit beta | E7: 3q22.3
A8: AKT1 | B8: AKT1 | C8: HGNC:391 | D8: AKT serine/threonine kinase 1 | E8: 14q32.33
A9: AKT2 | B9: AKT2 | C9: HGNC:392 | D9: AKT serine/threonine kinase 2 | E9: 19q13.2
A10: MTOR | B10: MTOR | C10: HGNC:3942 | D10: mechanistic target of rapamycin kinase | E10: 1p36.22
A11: RPTOR | B11: RPTOR | C11: HGNC:30287 | D11: regulatory associated protein of MTOR complex 1 | E11: 17q25.3
A12: DEPTOR | B12: DEPTOR | C12: HGNC:22953 | D12: DEP domain containing MTOR interacting protein | E12: 8q24.12
... A108: IL18 | B108: IL18 | C108: HGNC:5986 | D108: interleukin 18 | E108: 11q23.1
